{
    "normal": {
        "5": {
            "means": [
                0.2855809164862141,
                0.28596497927555947,
                0.2866720367232312,
                0.28714987231198835,
                0.28718585169097116,
                0.28718585169097116,
                0.28718585169097116,
                0.28718585169097116,
                0.28718585169097116,
                0.28718585169097116,
                0.28718585169097116,
                0.28718585169097116
            ],
            "sizes": [
                8,
                16,
                32,
                64,
                128,
                256,
                192,
                224,
                240,
                248,
                252,
                254
            ]
        },
        "10": {
            "means": [
                0.3866173183528,
                0.3921296506402281,
                0.39135498344296243,
                0.3946015505512941,
                0.3930368749895804,
                0.39895141848810556,
                0.40106107250450873,
                0.4011375017949054,
                0.4007139933055604,
                0.4013653767428421,
                0.4013653767428421,
                0.4013653767428421
            ],
            "sizes": [
                8,
                16,
                32,
                64,
                128,
                256,
                512,
                1024,
                2048,
                4096,
                8192,
                6144
            ]
        },
        "20": {
            "means": [],
            "sizes": []
        }
    },
    "archive": {
        "5": {
            "means": [],
            "sizes": []
        },
        "10": {
            "means": [],
            "sizes": []
        },
        "20": {
            "means": [],
            "sizes": []
        }
    }
}