{
    "normal": {
        "5": {
            "means": [
                0.2863902987111998,
                0.2867604387932886,
                0.287142871349356,
                0.28718278876981945,
                0.28718585169097116
            ],
            "sizes": [
                8,
                16,
                32,
                64,
                128
            ]
        },
        "10": {
            "means": [],
            "sizes": []
        },
        "20": {
            "means": [],
            "sizes": []
        }
    },
    "archive": {
        "5": {
            "means": [],
            "sizes": []
        },
        "10": {
            "means": [],
            "sizes": []
        },
        "20": {
            "means": [],
            "sizes": []
        }
    }
}